income,debt_to_income,credit_history_years,num_late_payments,loan_amount,approved
60484.907,0.168,2,0,14675.071,1
36280.286,0.167,26,0,12728.062,1
68508.122,0.075,7,1,19919.345,1
71930.165,0.357,12,2,20087.531,0
19881.367,0.428,13,0,3988.309,0
31560.769,0.423,11,0,21270.657,0
57301.127,0.016,23,0,11335.465,1
49307.633,0.223,27,2,16417.753,1
54697.579,0.282,17,0,9366.548,1
39645.209,0.25,25,0,17226.808,1
70829.164,0.234,3,0,30308.094,1
69000.255,0.476,28,1,15762.993,1
56188.553,0.037,3,0,12240.914,1
75290.342,0.321,1,0,13607.033,1
63415.168,0.315,0,0,6185.82,1
39532.736,0.337,7,0,23693.78,0
61637.514,0.355,25,1,16877.299,1
37740.113,0.447,9,0,8706.613,0
70812.105,0.275,23,1,8902.09,1
54101.334,0.025,12,0,15091.694,1
51672.477,0.074,3,1,20591.972,1
42743.268,0.31,14,3,8094.061,0
77005.744,0.28,6,1,21680.456,1
52218.469,0.208,8,0,14450.199,1
47290.099,0.381,15,1,9418.54,0
48661.596,0.137,23,4,12193.857,0
64581.565,0.13,17,4,25491.323,0
61577.993,0.351,6,1,6670.72,0
62429.187,0.254,21,1,10608.642,1
62754.778,0.443,20,0,20715.502,1
93549.657,0.127,7,1,16298.742,1
47684.53,0.318,25,1,10252.555,1
45779.631,0.28,25,0,20788.759,1
40352.091,0.272,18,0,21073.774,1
66087.63,0.104,8,0,16988.344,1
75321.501,0.236,10,0,11325.62,1
52948.946,0.215,13,1,12250.172,0
39877.183,0.133,5,0,16708.056,1
40159.338,0.253,9,0,7128.426,1
66710.67,0.118,4,2,22966.709,1
68378.575,0.442,4,0,25201.255,0
64776.777,0.164,22,1,13584.271,1
43020.825,0.27,3,4,17136.627,0
59178.904,0.191,14,1,22114.812,1
57100.345,0.059,12,0,26733.365,1
58936.395,0.477,1,0,24341.888,0
70685.718,0.119,24,1,4586.775,1
59024.72,0.255,29,0,13106.678,1
67220.444,0.179,19,1,18004.13,1
56216.423,0.482,20,0,12034.696,1
60204.149,0.282,6,0,25696.6,0
66363.188,0.566,25,1,24776.251,0
28771.195,0.331,23,1,10104.419,0
49245.918,0.269,13,2,14025.6,0
46533.292,0.109,21,1,10502.675,1
43500.199,0.524,28,0,13829.229,1
50047.439,0.144,18,1,13647.406,1
81908.944,0.352,5,2,20725.547,1
39415.04,0.628,9,0,9669.212,0
72429.01,0.542,5,2,1000.0,1
24708.344,0.366,9,0,5372.742,0
48972.069,0.271,26,2,8830.19,1
57929.555,0.223,5,3,11065.85,0
65552.002,0.019,26,1,16123.046,1
67802.078,0.279,8,1,8521.237,1
69280.25,0.269,14,0,7733.396,1
48722.949,0.432,15,1,9423.315,0
46677.668,0.118,3,1,8306.076,1
70443.566,0.382,5,1,11673.038,0
51556.522,0.279,9,1,11416.276,0
32037.646,0.229,1,0,19134.341,0
34600.83,0.224,22,0,9062.824,1
38449.859,0.229,16,0,12854.42,1
63948.893,0.176,25,1,11729.864,1
57563.663,0.371,25,0,19853.31,1
67428.736,0.415,10,0,14074.324,0
47309.452,0.104,24,1,21304.18,1
57853.714,0.23,1,2,8085.779,0
66260.627,0.067,12,2,14703.8,1
49431.762,0.389,19,3,11544.654,0
63221.954,0.355,13,0,7643.723,1
43085.333,0.534,22,1,14594.934,0
48465.031,0.747,25,1,25397.567,0
48128.718,0.407,12,1,9882.547,0
33474.886,0.417,8,0,14235.27,0
63765.505,0.389,17,0,7126.61,1
46550.758,0.193,26,3,6244.633,1
55224.894,0.54,29,2,10276.486,0
63653.44,0.5,24,2,12300.102,0
63037.561,0.223,7,1,12566.502,0
66976.932,0.279,6,0,13643.85,1
53227.261,0.336,17,2,5110.004,1
47380.63,0.392,12,0,11244.323,1
53565.072,0.578,18,1,18010.551,0
24627.98,0.693,27,0,6850.53,0
28951.975,0.094,16,2,12869.126,0
31191.407,0.254,10,1,16757.063,0
37049.557,0.179,26,0,10306.398,1
62195.936,0.128,13,2,17049.146,1
38701.377,0.032,18,0,5873.242,1
48193.074,0.038,4,0,20330.697,1
78386.109,0.125,15,0,17194.804,1
48587.249,0.026,12,0,15333.992,1
68275.28,0.142,3,0,21748.908,1
38194.882,0.44,6,1,13023.906,0
51302.124,0.138,21,2,11292.863,1
37899.603,0.088,5,1,23235.266,0
48897.405,0.38,3,0,26044.595,0
70125.546,0.432,1,1,10839.374,0
23908.232,0.443,0,0,14317.541,0
62819.626,0.392,13,0,21270.255,0
59279.241,0.659,14,1,14531.13,0
44305.301,0.106,18,1,18567.531,1
28970.959,0.195,17,1,19682.422,0
56298.331,0.417,16,2,11626.173,0
45469.131,0.417,29,0,17515.648,1
59188.172,0.027,7,2,14962.844,1
55393.339,0.506,21,0,7698.788,1
83832.02,0.239,2,0,9062.084,1
50691.599,0.445,25,0,11085.498,1
36577.045,0.312,10,0,20571.119,0
58226.961,0.443,10,0,20768.149,0
58959.94,0.15,4,0,19499.478,1
79465.376,0.299,15,3,17640.664,1
70032.002,0.395,11,1,17476.958,0
61423.679,0.163,29,1,16665.363,1
81339.452,0.281,5,3,17445.582,0
33602.265,0.371,12,1,17852.176,0
43484.472,0.123,27,0,6573.467,1
38321.633,0.175,24,0,10258.517,1
47983.424,0.411,22,0,8826.47,1
30219.649,0.324,15,1,21642.87,0
66432.717,0.05,26,0,24924.601,1
50999.991,0.255,6,2,1985.712,1
28525.487,0.096,24,1,24388.888,1
36719.577,0.351,17,1,15520.328,0
60643.249,0.04,10,1,21076.319,0
70086.278,0.257,6,1,18038.803,1
90941.156,0.156,15,1,23642.37,1
107449.524,0.113,0,0,16258.455,1
62459.37,0.275,21,2,6819.273,1
37188.314,0.257,7,0,14365.951,1
16623.167,0.078,11,0,18093.936,1
59818.806,0.374,5,2,13704.233,0
40367.06,0.282,13,1,18946.39,0
47523.569,0.191,11,0,14605.816,1
43982.258,0.471,5,1,11426.944,0
52465.764,0.221,26,2,8484.13,1
74187.644,0.452,22,2,12649.108,1
57826.874,0.151,11,1,16227.43,1
52144.573,0.066,1,0,3243.649,1
36358.232,0.265,25,1,10319.542,1
24855.707,0.256,20,0,3019.848,1
46246.458,0.153,16,1,11297.551,1
54031.914,0.146,18,3,22183.888,0
86822.738,0.362,0,1,7883.302,0
57344.941,0.177,14,0,19218.958,1
72689.311,0.286,5,2,32092.951,0
46012.679,0.35,19,0,23721.229,0
33671.012,0.288,27,1,15801.08,0
37627.898,0.81,15,2,20150.607,0
41945.931,0.188,18,1,6781.903,1
93312.455,0.111,20,0,5559.512,1
40215.04,0.293,27,3,15172.189,0
70092.806,0.308,1,1,17391.663,0
38747.311,0.101,9,0,21566.426,0
71768.314,0.302,8,0,11587.427,1
61929.117,0.297,21,1,16160.373,1
52180.518,0.296,13,1,15954.669,0
54266.275,0.308,23,3,14211.635,0
43213.821,0.073,14,2,14565.151,1
63029.3,0.149,29,0,9871.773,1
46810.297,0.38,23,0,16678.244,1
32939.096,0.072,0,2,16170.3,0
31997.124,0.641,29,1,12359.929,0
58106.583,0.193,28,1,18994.646,1
83423.643,0.108,1,2,21166.99,1
57879.849,0.412,11,0,19064.258,0
52864.51,0.438,29,0,8745.34,1
60144.871,0.222,25,1,15597.875,1
78508.031,0.176,14,2,9531.411,1
58948.885,0.228,16,0,15579.328,1
47603.31,0.142,0,1,9554.78,0
74913.197,0.598,16,1,22662.98,0
62717.616,0.496,19,1,19699.989,0
82643.608,0.423,10,0,21917.936,1
58298.22,0.418,9,1,21310.333,0
32959.557,0.238,24,0,13376.402,1
30373.134,0.046,13,1,12446.342,1
84716.703,0.088,7,0,25450.343,1
86025.983,0.323,11,0,14009.282,1
51768.654,0.101,14,0,6872.516,1
48102.628,0.288,7,1,21044.8,0
81305.997,0.114,16,2,15862.654,1
35073.178,0.283,25,0,24035.665,0
38894.914,0.206,22,0,16457.818,1
66579.882,0.147,6,0,14879.991,1
47897.108,0.284,14,0,24156.725,1
54907.806,0.533,16,1,5769.202,0
52058.028,0.526,20,1,11487.826,0
61076.342,0.102,22,1,9675.822,1
80334.674,0.229,14,0,1829.521,1
56630.528,0.3,9,1,20239.059,0
66590.898,0.429,19,2,11655.49,0
18096.902,0.13,3,0,20432.208,0
54123.069,0.51,20,0,17334.519,0
39821.855,0.133,26,1,18642.855,1
33061.365,0.291,21,4,12267.603,0
39193.257,0.354,13,0,10414.511,0
48985.778,0.158,24,1,15538.565,1
71486.246,0.278,15,1,20515.009,1
31124.931,0.182,16,1,14697.708,0
55551.367,0.38,25,0,10788.382,1
46284.95,0.15,5,1,7805.891,1
49101.884,0.055,23,1,16224.978,1
73049.641,0.429,20,1,11675.595,1
64686.078,0.145,15,1,14569.556,1
79073.166,0.16,2,1,13567.327,1
52218.898,0.29,22,2,12333.414,1
42473.033,0.296,6,0,16762.821,0
50970.541,0.184,26,1,18327.025,1
59364.942,0.274,23,3,26791.674,0
58178.32,0.21,10,1,19547.806,1
35481.015,0.107,13,1,24562.094,0
56628.816,0.268,0,1,10088.398,1
59108.11,0.197,14,0,5394.331,1
100314.533,0.012,1,0,14913.418,1
88783.203,0.435,29,2,20148.163,1
39641.62,0.367,19,1,19206.97,0
49827.099,0.371,7,4,22268.289,0
28658.044,0.16,24,0,1000.0,1
44367.274,0.793,0,2,22517.861,0
60680.89,0.569,16,1,17012.776,0
76705.365,0.489,3,0,5735.92,0
41876.491,0.26,1,0,19341.173,0
43225.364,0.362,7,2,16016.895,0
16348.797,0.475,8,2,17287.376,0
52072.013,0.326,21,1,20994.655,0
35876.541,0.086,26,1,17581.652,1
45470.09,0.168,23,1,6163.049,1
39216.506,0.449,22,0,14141.842,0
53303.274,0.248,16,1,5294.129,1
23360.889,0.196,11,1,18894.371,0
28593.186,0.267,7,0,23387.821,0
93326.448,0.053,28,0,7551.288,1
31826.394,0.359,15,2,10971.217,0
35257.86,0.285,16,3,9705.784,0
88064.444,0.068,0,1,12276.568,1
107291.209,0.168,13,0,17474.539,1
33911.801,0.088,20,0,12341.585,1
48371.519,0.348,14,0,18915.181,0
61148.0,0.202,18,1,21392.279,1
86116.558,0.124,24,1,21610.556,1
37236.573,0.581,0,1,8290.913,0
50584.999,0.422,27,1,23315.574,0
68992.076,0.254,24,4,23796.434,0
62825.789,0.272,12,2,24316.08,0
48229.191,0.255,22,1,14053.111,1
52591.187,0.292,1,2,10488.945,0
30251.875,0.173,9,0,9094.553,1
50712.873,0.593,3,0,8389.321,0
50205.025,0.375,19,2,15070.142,0
59179.058,0.219,25,1,20087.111,1
45004.11,0.277,18,3,22839.351,0
63487.693,0.228,21,0,12086.657,1
73228.885,0.134,4,1,14767.87,1
57797.728,0.485,28,1,14374.875,1
61331.615,0.037,5,0,11188.319,1
55956.796,0.143,15,1,19414.497,1
55001.519,0.486,20,2,17177.089,0
42011.955,0.491,25,0,15850.939,0
60696.897,0.244,28,1,17149.833,1
53248.841,0.136,17,0,18692.707,1
92677.03,0.128,17,1,18632.622,1
83320.388,0.258,12,0,9969.06,1
61945.238,0.095,17,0,20377.971,1
41264.97,0.308,20,0,16532.197,0
34976.594,0.376,19,0,12392.303,1
76440.573,0.244,17,1,16405.378,1
59729.486,0.307,13,1,17066.865,1
63642.581,0.394,5,2,21490.702,0
23597.452,0.272,1,1,8723.066,0
71693.893,0.25,12,1,22949.906,1
63179.566,0.643,11,2,15138.998,0
35012.248,0.332,18,0,11963.08,1
46512.553,0.402,27,2,11779.451,0
59746.91,0.32,21,0,8991.793,1
55944.402,0.289,24,0,4554.511,1
49740.919,0.283,17,0,19064.399,1
53137.211,0.383,27,1,26885.318,0
50464.407,0.081,28,2,5294.308,1
57746.125,0.488,4,2,9297.433,0
81486.856,0.256,19,0,19509.499,1
15000.0,0.06,15,3,14726.179,0
50736.695,0.121,29,2,20006.515,1
58177.224,0.128,17,1,14389.677,1
60327.892,0.071,0,0,11516.235,1
48305.538,0.27,6,1,13644.947,0
23379.008,0.329,3,0,1000.0,0
60903.919,0.19,6,2,8139.094,0
86092.304,0.189,2,0,20689.676,1
27390.495,0.103,23,1,22151.399,1
70548.904,0.344,14,0,23436.996,1
49086.546,0.51,20,0,17645.216,0
53896.162,0.183,29,0,1463.587,1
36047.827,0.184,19,0,11189.961,1
48979.789,0.397,14,1,22947.934,0
78400.803,0.277,8,0,24738.325,1
65487.794,0.159,22,3,23175.886,1
86181.609,0.271,15,0,13582.485,1
76193.414,0.083,22,3,7160.545,1
62903.56,0.185,0,1,14756.21,0
86390.821,0.189,4,2,15088.842,1
62901.877,0.321,3,0,24393.389,0
69903.787,0.459,20,0,16366.748,1
49661.723,0.342,15,0,15100.087,1
56197.825,0.247,9,0,15440.971,1
42446.371,0.292,9,1,17399.153,0
72812.511,0.155,18,0,18758.641,1
33790.535,0.356,28,0,10652.775,1
69082.306,0.555,29,1,8654.278,1
51568.281,0.256,14,4,23223.351,0
76082.448,0.365,20,0,5153.752,1
68515.642,0.149,2,1,24826.485,0
87771.631,0.358,28,1,3535.928,1
68153.944,0.422,0,0,11492.753,1
26703.275,0.348,10,0,20831.124,0
53794.843,0.475,21,2,15002.051,0
33903.871,0.417,29,1,7101.139,1
45670.963,0.352,5,1,17558.569,0
82202.112,0.298,19,0,15402.026,1
66475.609,0.296,5,1,13703.71,0
42419.252,0.186,1,3,11256.466,0
36753.087,0.047,12,2,14792.364,1
55590.078,0.409,17,1,11508.47,0
33101.917,0.392,7,1,29607.196,0
42919.475,0.42,29,2,13559.897,0
60616.17,0.006,18,0,12757.458,1
75795.617,0.128,13,0,11750.183,1
65957.707,0.253,14,0,25661.705,1
15000.0,0.242,13,1,5165.599,0
60478.601,0.387,3,0,17156.595,0
56296.604,0.212,18,1,13564.26,1
62450.025,0.12,23,0,6459.599,1
84091.774,0.548,12,0,10085.542,1
17861.711,0.443,12,2,16901.724,0
44360.138,0.167,27,1,9813.641,1
65636.314,0.461,18,3,16557.384,0
26531.301,0.405,8,5,25374.919,0
81567.083,0.056,0,3,16023.604,1
61630.419,0.175,24,0,6278.925,1
70238.512,0.211,18,0,9919.222,1
44723.014,0.409,18,1,13287.566,0
69647.746,0.268,8,3,12886.589,0
74232.488,0.185,5,0,15912.083,1
59191.804,0.181,14,2,16874.658,0
59219.216,0.344,22,2,25383.168,0
59866.178,0.19,8,2,14977.682,0
39459.785,0.545,15,0,8086.833,0
52344.484,0.481,29,0,21922.837,1
52254.594,0.345,6,0,22578.147,0
61901.09,0.396,6,1,16394.659,0
72996.836,0.322,7,1,13521.634,1
35946.351,0.433,27,2,18735.278,0
52749.837,0.224,15,0,13733.521,1
81666.2,0.674,27,4,2665.746,0
41615.412,0.597,28,1,18380.846,0
40199.5,0.019,12,1,20353.509,1
58641.511,0.134,1,1,23646.523,1
70198.933,0.323,9,0,10615.449,1
55205.669,0.416,16,0,16356.992,0
78921.291,0.135,11,1,16486.797,1
70422.292,0.443,0,1,15512.295,0
70152.761,0.182,29,1,15689.136,1
64974.097,0.305,9,1,15222.816,1
96897.756,0.297,18,0,16270.496,1
51307.09,0.152,28,0,19444.086,1
18936.599,0.33,16,0,22321.725,0
83876.579,0.182,20,1,10462.005,1
46761.41,0.117,1,2,13966.192,0
56941.848,0.039,20,1,12464.351,1
78571.912,0.409,25,0,11605.966,1
26159.328,0.32,27,0,5303.812,1
32470.35,0.305,2,0,15145.335,0
26176.997,0.129,6,0,17875.922,0
40705.547,0.211,1,3,14069.401,0
62913.459,0.327,27,1,14946.253,1
64435.381,0.189,8,0,17510.622,1
59972.935,0.532,15,1,23466.718,0
29570.214,0.394,14,1,12481.413,0
15000.0,0.271,20,1,7970.327,0
55978.365,0.323,26,0,14457.359,1
46508.031,0.451,9,0,26301.368,0
63268.944,0.569,23,1,8034.597,0
67635.165,0.536,8,0,18900.814,0
57488.346,0.114,5,0,21947.479,1
68682.396,0.157,3,2,1000.0,1
59125.805,0.11,11,1,17461.335,1
64541.165,0.396,16,1,18620.464,1
42315.881,0.488,23,1,13395.989,0
51766.995,0.187,25,3,11121.369,1
58541.97,0.214,15,0,11456.026,1
69769.513,0.182,12,1,13028.589,1
47912.659,0.118,5,0,13187.424,1
64381.011,0.667,27,2,12055.338,0
50214.902,0.253,11,1,12933.148,0
52884.241,0.386,22,1,22144.751,0
69931.343,0.636,18,2,7713.427,0
19124.913,0.589,27,0,4505.649,0
31663.498,0.093,29,2,22240.711,0
28320.663,0.249,21,2,13847.893,0
15000.0,0.337,19,2,12670.606,0
42791.24,0.543,4,0,14332.697,0
68489.81,0.294,0,2,16255.66,0
49872.087,0.114,16,2,11855.693,1
58560.221,0.239,21,0,18035.587,1
74605.915,0.02,22,0,9226.425,1
78898.35,0.348,7,2,13189.043,1
53755.517,0.399,15,0,1711.822,1
79364.546,0.265,25,1,22033.423,1
56658.28,0.477,2,1,13943.474,0
39926.832,0.131,11,3,19020.625,0
44300.794,0.37,28,1,17859.448,1
28350.343,0.193,5,1,18298.883,0
39013.591,0.186,9,2,14953.347,0
48555.7,0.175,14,0,17329.364,1
69464.53,0.368,20,0,9232.294,1
85973.857,0.304,7,2,7972.929,1
30120.733,0.283,23,1,14393.364,0
62070.894,0.404,7,1,10921.342,0
36270.209,0.24,11,1,23552.785,0
63544.548,0.246,17,3,17250.867,1
52640.44,0.551,0,0,10701.112,0
22043.695,0.123,23,0,13370.757,1
71709.346,0.152,20,1,15798.039,1
44109.987,0.536,25,0,14591.982,0
45389.796,0.437,8,0,16630.476,0
35744.457,0.21,11,1,15411.927,0
43222.901,0.178,26,1,6656.06,1
62702.028,0.185,2,0,2094.573,1
51593.602,0.456,14,2,12758.346,0
60915.916,0.234,14,1,18362.956,0
61514.593,0.142,13,1,12825.786,1
78771.91,0.431,13,2,22419.385,0
48829.849,0.117,22,0,14718.68,1
28416.559,0.224,5,0,23143.176,0
74210.003,0.487,26,1,21911.421,1
49033.213,0.332,26,1,21307.721,1
75062.664,0.68,5,1,7778.93,0
61900.788,0.252,29,1,15102.844,1
52639.524,0.239,7,0,22336.641,0
61277.966,0.206,1,0,16634.068,1
90118.226,0.395,11,1,18326.159,1
92385.65,0.284,23,0,6672.676,1
56248.86,0.368,25,3,26512.74,0
57883.431,0.141,19,1,10251.754,1
74372.323,0.415,24,2,3033.449,1
39778.101,0.362,7,0,12893.246,0
60995.267,0.3,26,2,1000.0,1
54534.469,0.185,19,1,8489.249,1
60650.348,0.525,4,2,30351.071,0
39999.361,0.408,3,2,12719.755,0
26387.785,0.323,8,1,6433.277,0
17686.298,0.09,2,1,15151.787,0
34887.086,0.309,8,0,9613.178,0
46743.845,0.315,29,1,20187.115,1
49722.551,0.182,7,3,9662.731,0
89870.161,0.198,19,0,16624.402,1
74907.881,0.444,29,2,8117.646,1
37682.36,0.267,7,1,30594.169,0
61258.752,0.135,20,1,18021.742,1
47672.592,0.253,13,1,14126.965,0
49881.451,0.102,8,0,13242.25,1
58335.862,0.234,28,2,11678.4,1
66145.08,0.752,19,1,10434.519,0
48893.347,0.288,13,1,10269.62,1
74149.328,0.357,24,2,25069.973,1
34445.112,0.281,27,2,11684.316,0
55114.103,0.116,23,1,2223.487,1
101758.127,0.276,26,3,8004.194,1
59015.435,0.253,9,1,20566.348,0
80797.861,0.521,10,0,13486.056,1
56647.363,0.197,6,0,14195.51,1
65453.988,0.467,20,0,22018.887,1
53977.903,0.165,24,1,10337.0,1
51932.664,0.346,19,0,18794.506,1
40969.317,0.108,17,1,10992.701,0
62745.424,0.368,23,0,18455.26,1
39672.331,0.165,5,0,12653.188,1
66980.534,0.064,10,0,13550.705,1
74535.166,0.149,21,2,19920.802,1
61597.565,0.343,1,3,19488.149,0
49847.523,0.285,27,1,14007.432,1
63171.38,0.071,5,0,12170.258,1
49443.885,0.338,23,0,24594.886,1
71839.848,0.263,18,0,18535.985,1
22034.69,0.155,25,1,12653.149,1
48959.067,0.194,23,2,11081.494,1
19165.384,0.295,15,0,21149.385,1
28088.905,0.257,22,1,15692.401,0
79549.52,0.178,10,3,14018.682,0
71113.33,0.201,17,2,15689.851,1
42049.356,0.132,27,0,17026.781,1
27954.938,0.183,2,0,14659.865,0
15000.0,0.081,10,2,22222.121,0
45217.081,0.074,0,2,22556.031,0
98567.47,0.159,16,0,18191.329,1
62827.917,0.361,23,3,23248.314,0
44927.699,0.254,1,3,15050.981,0
63371.444,0.357,16,2,19141.986,0
26902.75,0.27,12,1,21026.738,0
49648.179,0.328,23,2,21114.23,0
56790.595,0.159,6,0,20495.995,1
53450.188,0.154,4,0,18787.135,1
69234.51,0.244,2,1,26742.769,0
61203.614,0.352,12,0,11761.825,1
67029.868,0.139,14,2,14068.675,1
42609.299,0.196,27,0,13712.937,1
71160.677,0.178,13,1,12791.597,1
84320.865,0.676,5,1,3067.368,0
37537.309,0.294,20,0,23249.189,1
39021.478,0.277,1,1,8843.757,0
79044.118,0.177,10,1,16018.889,1
51555.808,0.01,19,0,6468.833,1
80268.785,0.423,7,0,18724.294,1
47034.357,0.099,17,1,10287.624,1
81190.82,0.211,13,0,8184.228,1
57366.745,0.095,28,0,16166.061,1
59648.119,0.442,8,1,10795.593,0
83164.924,0.38,27,2,11555.045,1
48488.131,0.072,18,1,16030.738,1
38059.802,0.134,22,2,19799.937,1
46925.844,0.266,5,1,10089.597,0
63142.011,0.023,0,3,9052.845,0
26816.337,0.032,21,2,15140.902,1
66474.476,0.184,14,2,18235.515,1
45302.116,0.415,9,1,23776.531,0
75660.628,0.169,26,0,8572.022,1
15000.0,0.429,9,0,13092.197,0
40841.816,0.283,13,0,22054.716,0
24643.573,0.194,21,2,26838.567,0
40127.87,0.403,28,1,9041.454,1
59457.986,0.13,26,0,10567.128,1
51773.921,0.361,19,2,17286.601,0
50439.204,0.481,3,2,11533.541,0
52134.672,0.181,3,1,10444.609,1
58660.988,0.056,20,0,16466.824,1
36846.351,0.017,15,2,24296.52,1
67723.294,0.165,3,2,7143.106,1
66927.987,0.191,20,0,23990.005,1
61930.683,0.239,28,0,11551.385,1
65017.602,0.285,1,1,17074.752,0
60335.524,0.23,24,1,24545.104,1
91631.319,0.142,10,0,16951.942,1
53432.305,0.11,11,1,13215.054,1
49472.502,0.083,21,2,19309.054,1
41436.504,0.302,7,0,13961.003,0
36419.272,0.393,4,1,18128.106,0
32599.508,0.111,28,2,13771.914,1
39001.648,0.363,10,2,20166.917,0
53727.753,0.188,5,2,6634.61,0
61017.312,0.315,20,0,8918.87,1
55920.557,0.457,6,0,6546.429,0
41220.365,0.252,23,1,14661.423,1
71203.322,0.098,2,2,5822.771,1
68309.428,0.083,15,1,10849.011,1
52126.33,0.255,12,2,8354.948,1
43247.509,0.127,28,2,23878.057,1
64871.703,0.433,15,1,9055.918,1
58383.525,0.171,27,4,7280.726,1
28933.709,0.276,7,1,16490.031,0
53776.355,0.3,14,1,25120.927,0
59716.645,0.565,24,0,14303.598,0
38805.494,0.161,4,0,14767.684,0
58417.181,0.272,27,0,22744.545,1
28813.195,0.309,23,0,20269.376,1
79051.35,0.21,20,0,17552.49,1
77463.1,0.179,7,2,11505.956,1
50454.688,0.116,24,1,17735.747,1
61542.178,0.362,25,1,6835.295,1
15000.0,0.377,8,1,11257.947,0
34185.742,0.336,17,0,23588.776,0
49711.979,0.531,1,2,22811.956,0
35701.606,0.305,11,0,17624.908,0
67859.137,0.119,4,2,3423.878,1
90951.338,0.226,16,0,7750.671,1
33820.935,0.089,16,1,10923.165,1
39925.659,0.174,15,1,13969.806,1
59238.071,0.476,20,2,7497.533,1
84000.091,0.346,27,1,13522.118,1
32997.262,0.12,5,2,25603.771,0
59482.65,0.594,6,0,17405.015,0
87783.379,0.099,6,2,16312.96,1
25268.335,0.269,27,6,8894.667,0
31940.754,0.404,2,1,5166.091,0
47375.081,0.414,0,0,7630.821,0
45629.409,0.106,4,0,4923.665,0
69626.823,0.128,23,1,15450.212,1
59349.875,0.171,17,0,17303.315,1
23050.683,0.19,27,0,9208.26,1
64277.387,0.398,6,3,15887.516,0
44604.3,0.157,11,0,23813.963,0
77940.05,0.223,16,1,26746.184,1
43703.424,0.13,2,2,19622.462,0
43540.925,0.308,27,0,13950.957,1
64740.369,0.213,24,0,19428.625,1
68732.677,0.221,4,1,23110.86,0
63065.789,0.507,25,2,2956.631,0
24659.248,0.049,13,0,23892.414,0
64684.62,0.117,10,1,11732.479,1
36382.455,0.287,28,2,11790.222,1
59234.97,0.155,15,1,12870.432,1
29372.78,0.207,6,3,16920.505,0
63033.799,0.316,24,1,8332.474,1
40481.22,0.38,21,1,13291.116,0
31912.576,0.202,5,0,18151.663,0
67848.762,0.345,20,1,16311.427,1
59349.601,0.163,18,0,17284.887,1
43948.418,0.237,8,0,13056.188,0
81121.219,0.261,12,2,19162.26,1
47068.256,0.302,25,0,21338.497,1
55577.938,0.235,5,0,20978.636,1
59840.442,0.038,21,0,17565.661,1
43846.013,0.346,24,1,20633.356,1
63480.453,0.626,28,0,20226.364,0
45397.858,0.374,9,0,31059.047,0
47590.51,0.11,7,2,22308.402,0
79527.568,0.446,28,2,14467.535,1
36269.451,0.35,13,2,9529.924,0
15000.0,0.41,17,2,13433.158,0
83996.866,0.185,15,0,13009.291,1
100887.903,0.494,15,2,18068.535,1
47705.153,0.29,18,0,10798.463,1
20136.915,0.341,12,0,22153.063,0
49411.288,0.13,11,2,6662.622,1
49847.987,0.208,12,2,5204.849,1
51581.371,0.498,19,0,14189.304,0
34959.015,0.486,24,0,9944.646,0
65432.101,0.32,16,1,7450.597,1
64441.133,0.266,20,0,11177.58,1
28100.699,0.002,12,2,10431.085,1
67585.541,0.145,23,1,15060.806,1
91948.33,0.223,11,2,11277.175,1
58095.286,0.169,12,0,11765.194,1
48928.147,0.2,1,0,14970.806,0
52443.942,0.183,7,1,21085.449,1
66074.622,0.064,22,2,23824.473,1
23847.911,0.529,2,0,15886.605,0
57959.033,0.243,6,0,16353.259,1
47971.649,0.175,23,1,13900.878,1
88260.85,0.224,26,1,17887.492,1
51864.891,0.193,12,1,17341.316,1
85021.977,0.101,12,1,22955.086,1
35132.667,0.093,15,1,3667.772,1
65570.665,0.101,23,0,13593.014,1
60749.205,0.193,14,1,17035.139,1
39357.15,0.252,5,1,14842.296,0
58193.13,0.244,12,1,9364.962,1
76825.339,0.182,7,2,7203.8,1
49171.749,0.157,20,0,19837.935,1
24544.672,0.177,4,1,10458.445,0
54683.869,0.201,18,1,4470.597,1
38756.384,0.162,3,2,20139.437,0
48837.863,0.204,29,0,17753.897,1
53531.42,0.377,19,1,14304.755,1
24298.26,0.273,4,1,9512.69,0
25918.15,0.319,28,2,14319.351,0
63677.203,0.159,17,0,22293.526,1
45591.063,0.321,18,0,5311.804,1
15000.0,0.431,1,1,5616.134,0
69127.193,0.579,5,0,11233.408,0
59902.656,0.285,24,0,14840.138,1
42150.253,0.16,14,2,12022.249,1
31297.056,0.316,18,0,18856.899,0
70044.542,0.272,29,1,21533.004,1
61288.311,0.626,12,2,16672.613,0
97886.841,0.331,11,2,18362.594,1
62563.395,0.128,24,1,16632.597,1
61978.657,0.502,1,2,15057.049,0
51995.297,0.365,13,1,7238.648,0
69701.966,0.009,25,0,8832.05,1
66251.534,0.334,6,2,6894.489,0
77531.05,0.329,9,0,14108.971,1
45616.187,0.629,14,0,16393.668,0
47162.665,0.113,2,1,6304.426,1
46376.143,0.232,2,3,15435.57,0
69234.431,0.181,7,0,9748.702,1
81970.74,0.087,26,3,8584.804,1
46740.871,0.199,6,1,11247.904,0
47354.073,0.4,21,3,8277.141,0
60653.39,0.263,12,0,18639.955,1
50576.293,0.57,22,3,13991.973,0
72136.966,0.07,9,2,19891.284,1
15000.0,0.462,26,0,12339.022,0
40119.309,0.538,11,1,12565.884,0
40916.506,0.179,23,2,26240.296,0
15000.0,0.507,24,0,5261.637,0
37654.508,0.218,12,4,22706.887,0
38527.19,0.339,20,2,24927.144,0
51380.116,0.442,3,0,19594.905,0
75033.386,0.327,14,0,13017.177,1
50588.908,0.099,11,1,23561.412,1
36445.353,0.177,28,2,13069.432,1
53974.818,0.245,28,0,10765.286,1
73885.125,0.475,23,1,12670.39,1
37432.741,0.116,28,2,11578.838,1
38609.652,0.431,29,1,9320.261,1
65053.881,0.625,23,0,21660.047,1
51012.35,0.239,17,0,10359.31,1
66654.724,0.023,6,2,14822.118,1
54754.358,0.481,24,0,6337.369,1
67629.946,0.189,5,0,15184.864,1
36368.594,0.181,5,1,8064.444,0
54782.476,0.586,26,1,7917.085,0
51207.58,0.1,3,1,14344.273,1
33113.963,0.051,4,1,21341.834,0
26857.397,0.207,15,2,17642.482,0
67343.483,0.712,17,1,18054.722,0
48682.857,0.143,1,2,14220.497,0
36598.955,0.351,11,1,12986.158,0
53268.779,0.236,6,1,19746.844,0
75304.339,0.308,9,1,11620.937,1
15000.0,0.196,5,1,20006.605,0
28060.504,0.167,20,1,22415.682,1
38388.044,0.326,14,0,9951.679,0
81301.22,0.135,28,0,10833.327,1
60086.566,0.443,0,1,11725.827,0
68811.71,0.135,23,2,6198.224,1
34477.103,0.67,27,0,12183.584,0
34848.354,0.341,14,0,22808.698,0
63060.647,0.463,20,0,8726.547,1
56048.938,0.3,13,1,22951.177,0
64877.299,0.222,17,0,12399.333,1
51621.922,0.188,27,0,27684.214,1
60006.587,0.332,15,1,10909.122,1
57846.144,0.238,17,2,14136.108,0
68999.813,0.475,29,2,9538.902,1
69526.149,0.444,14,2,10873.795,1
25842.304,0.425,5,2,23029.075,0
15000.0,0.433,20,1,17847.22,0
73031.417,0.372,20,1,21172.907,1
76379.052,0.23,7,0,7106.464,1
36628.786,0.168,21,0,18928.971,1
21522.963,0.188,1,0,9171.34,0
56782.627,0.372,9,1,6976.089,0
71755.088,0.116,25,1,16432.597,1
87356.701,0.377,18,0,16371.23,1
64293.356,0.091,18,0,15320.075,1
48309.099,0.366,18,2,19305.35,0
38923.649,0.295,4,0,20241.398,0
55206.123,0.15,28,0,23818.376,1
49613.235,0.092,8,0,7857.942,1
36728.778,0.564,23,0,24012.097,0
91877.602,0.304,29,1,26293.869,1
87133.031,0.137,7,0,12802.62,1
75448.876,0.56,19,2,4989.05,1
38424.693,0.467,1,2,6699.007,0
70390.348,0.394,19,0,12228.892,1
66513.275,0.111,13,3,27084.85,0
62965.821,0.161,2,1,15102.48,1
77493.975,0.03,20,2,11296.895,1
66436.681,0.126,29,0,10887.586,1
68320.256,0.233,2,2,7063.666,0
66464.313,0.294,26,1,20247.456,1
61134.245,0.391,25,1,14447.588,1
22895.0,0.147,16,1,27598.977,0
56505.179,0.044,27,1,18769.256,1
44988.545,0.1,9,2,19979.618,0
31962.863,0.405,21,0,13547.371,0
85272.699,0.515,20,1,8453.818,1
86121.916,0.22,17,2,9758.514,1
79465.971,0.241,25,1,6784.518,1
59593.842,0.473,26,0,20462.368,1
79311.252,0.246,23,0,12690.509,1
55216.957,0.192,17,0,20715.003,1
58650.351,0.418,29,1,15815.486,1
35317.515,0.429,16,1,13243.09,0
62145.843,0.234,19,1,7982.383,1
56086.947,0.421,5,1,16809.796,0
31552.262,0.153,9,0,13688.202,1
54078.452,0.259,27,0,20413.104,1
53564.868,0.31,14,1,10707.536,1
87356.101,0.134,15,0,18696.647,1
71095.84,0.159,24,2,24845.09,1
55206.018,0.193,9,1,16635.335,0
59478.172,0.371,7,3,19711.749,0
55795.823,0.5,0,1,18431.341,0
51347.548,0.5,6,1,26388.549,0
35516.31,0.44,15,0,17229.363,0
52281.066,0.178,21,2,19199.753,1
41570.231,0.615,9,1,14782.344,0
32494.32,0.03,13,2,10353.669,1
64201.993,0.424,6,0,7750.946,0
62042.764,0.355,24,1,22601.544,1
22839.265,0.076,15,3,8949.844,0
52791.677,0.223,4,2,19475.187,0
72922.625,0.298,18,0,17496.1,1
74066.027,0.1,10,0,20506.712,1
73465.063,0.265,25,1,11911.728,1
55700.438,0.118,8,1,10255.621,1
39789.184,0.306,25,1,17270.231,1
35493.421,0.329,20,0,13245.95,1
61202.888,0.068,4,0,7613.83,1
61827.041,0.261,22,2,26631.153,0
78171.96,0.38,21,1,10251.551,1
74799.634,0.034,13,1,9038.204,1
52619.884,0.351,4,1,13547.185,0
32604.294,0.392,14,0,22517.151,0
49256.081,0.588,18,0,1999.59,0
58910.162,0.333,3,0,22019.302,0
51362.502,0.121,10,0,9531.159,1
44597.906,0.307,21,1,16587.151,0
59551.927,0.322,16,2,10943.958,0
45928.761,0.431,29,2,26951.501,0
43694.81,0.527,6,0,15747.721,0
60606.151,0.295,23,1,10751.451,1
47764.134,0.247,12,1,13193.452,1
59393.879,0.292,6,3,15537.822,0
59917.672,0.226,28,0,16066.06,1
34490.278,0.326,18,2,17632.575,0
46337.66,0.116,16,0,14991.572,1
80879.985,0.417,8,2,6737.026,1
34082.569,0.354,26,1,12958.394,0
16900.22,0.305,0,0,18639.95,0
21486.787,0.126,3,2,10980.703,0
55523.979,0.107,5,1,19036.688,1
55556.511,0.474,19,0,15190.309,1
52883.005,0.589,3,1,13693.559,0
76855.417,0.341,23,0,22164.863,1
15000.0,0.639,5,1,4571.211,0
62126.81,0.446,20,1,10948.075,1
83105.888,0.139,23,0,22394.572,1
34699.946,0.305,26,1,25980.295,0
48163.483,0.219,8,0,28715.955,0
41447.945,0.352,2,1,15302.133,0
38901.771,0.28,22,3,17747.384,0
49127.284,0.381,13,0,19904.567,0
80694.735,0.404,28,2,22650.452,1
88072.96,0.173,5,1,16878.552,1
48953.094,0.267,17,0,20556.894,1
89291.084,0.316,3,2,17758.643,0
55640.377,0.372,14,2,18133.344,0
86566.438,0.492,0,0,9489.785,0
53320.624,0.125,22,3,13024.718,1
57359.041,0.153,18,3,11863.385,1
61578.541,0.146,2,0,7866.627,1
112219.366,0.468,14,1,5090.369,1
70323.14,0.377,12,0,12458.235,1
42269.238,0.154,20,1,13416.706,1
72441.962,0.275,14,3,15630.222,1
48487.014,0.063,13,1,18334.427,1
46184.497,0.084,24,1,16128.733,1
71354.824,0.113,15,0,13458.533,1
55559.541,0.445,24,1,9509.242,1
60014.366,0.402,26,1,20262.415,1
55251.734,0.162,25,0,14389.067,1
61058.496,0.185,28,1,12397.261,1
62649.386,0.114,20,1,13881.274,1
20134.595,0.124,16,2,10603.534,0
66998.308,0.171,15,0,11815.956,1
37323.65,0.313,6,0,11625.25,0
29038.616,0.267,24,1,13275.975,1
53948.598,0.04,20,1,18934.53,1
56511.658,0.129,26,2,17442.672,1
42516.889,0.345,21,1,24280.424,1
69958.573,0.304,14,1,22270.375,0
30840.847,0.182,8,1,26738.531,0
47675.013,0.348,29,0,18354.951,1
44472.266,0.185,22,0,18258.631,1
54161.429,0.404,26,2,12075.505,0
60019.557,0.33,17,0,19956.089,1
36857.927,0.203,15,2,11063.298,1
68037.088,0.661,1,0,6177.267,0
56134.043,0.243,2,3,24157.94,0
20944.967,0.454,21,2,7504.91,0
19745.354,0.431,6,0,17633.111,0
54778.253,0.113,2,1,9718.012,1
51022.588,0.177,23,1,21760.006,1
53138.438,0.52,18,1,22577.7,0
54496.316,0.198,3,0,18175.067,0
59060.077,0.319,14,1,22478.188,1
72057.693,0.161,14,0,15044.022,1
35000.112,0.357,0,1,28405.048,0
33904.511,0.164,18,0,19476.991,1
35320.171,0.421,11,2,9596.691,0
60200.5,0.336,26,2,15417.64,1
77409.053,0.362,3,1,14084.988,0
47235.89,0.479,25,1,13497.456,0
15000.0,0.317,0,1,5057.165,0
24328.128,0.218,22,1,17321.187,0
40005.339,0.101,23,1,6685.482,1
44960.88,0.421,12,2,1000.0,0
47649.005,0.48,8,2,12935.918,0
55694.46,0.599,4,1,10464.638,0
49388.566,0.39,10,1,9830.778,0
73888.113,0.125,20,1,1000.0,1
42831.688,0.555,21,1,9894.943,0
39478.277,0.196,5,1,13958.149,0
63619.76,0.2,0,0,11195.076,0
27358.443,0.353,16,0,17324.062,0
62014.451,0.181,17,1,23355.964,1
56845.957,0.369,29,1,18098.205,1
52346.035,0.213,22,2,21158.366,0
83588.97,0.486,16,0,21654.76,1
43800.266,0.393,17,0,8886.835,1
92085.367,0.12,19,0,17634.688,1
50942.234,0.42,13,0,20970.944,0
32013.704,0.24,20,1,12384.237,1
56258.552,0.636,5,0,10256.24,0
35627.586,0.225,24,0,18182.439,1
41468.395,0.363,25,0,6110.227,1
62146.599,0.265,13,0,8471.973,1
65000.478,0.158,13,0,10999.462,1
43800.981,0.254,14,0,17703.085,0
72773.293,0.398,24,3,16313.475,0
75835.14,0.232,5,3,21194.225,0
80853.432,0.158,10,3,9468.78,1
64529.441,0.383,18,2,9147.162,0
79541.717,0.181,20,0,18143.472,1
21145.628,0.397,8,1,10207.999,0
49277.682,0.355,3,1,11378.977,0
39393.905,0.302,15,0,3859.411,1
57146.066,0.427,19,0,16745.076,1
44713.914,0.562,22,1,24247.743,0
52009.159,0.338,0,1,8824.267,0
88879.148,0.196,0,3,21130.222,0
51945.044,0.475,11,0,14643.609,0
62448.262,0.399,16,2,4407.512,0
50819.152,0.355,0,2,9631.639,0
56362.839,0.075,5,1,9261.196,1
55108.3,0.404,12,0,13100.833,1
63069.833,0.252,8,2,17517.086,0
75975.536,0.037,21,2,26093.537,1
84653.092,0.017,1,1,6413.125,1
60573.161,0.182,26,1,12091.336,1
65611.844,0.039,5,1,9624.115,1
34284.439,0.301,13,0,7392.123,1
53418.219,0.071,29,2,15572.686,1
71925.21,0.228,19,1,15008.88,1
70587.435,0.202,29,1,4117.186,1
58808.975,0.149,0,1,15108.903,0
70955.091,0.203,21,0,7767.624,1
63833.801,0.2,2,1,15070.966,0
76605.513,0.452,18,0,22616.979,1
60208.465,0.606,9,0,17778.408,0
48597.43,0.494,23,1,16065.103,0
61045.143,0.109,3,0,11827.405,1
15000.0,0.43,26,2,15401.206,0
61891.943,0.487,14,1,18379.525,0
15000.0,0.056,15,1,17784.998,1
23977.659,0.186,17,0,14404.687,1
63131.835,0.405,1,0,16304.258,0
63595.528,0.166,9,0,7100.629,1
34076.282,0.477,21,3,10593.979,0
42182.163,0.352,28,1,19245.359,1
79669.738,0.372,29,1,20052.198,1
46287.458,0.529,16,2,15561.592,0
95372.566,0.456,7,2,23873.794,0
54965.443,0.106,14,0,18048.116,1
62344.651,0.172,13,2,13601.235,1
84103.739,0.316,11,1,7681.483,1
57358.488,0.162,10,1,23632.4,0
36957.808,0.351,26,0,19621.905,0
53024.906,0.35,11,0,25789.869,0
54359.007,0.109,0,2,28001.085,0
30434.65,0.317,21,0,7278.358,1
50395.023,0.149,19,1,7293.998,1
41640.542,0.197,11,0,1000.0,1
71638.44,0.316,18,1,20510.173,1
55623.014,0.441,28,1,18938.896,1
49909.677,0.121,27,2,15586.674,1
53088.725,0.441,23,3,7643.201,0
59016.196,0.345,17,2,14465.798,0
66102.656,0.317,0,0,16108.233,0
37005.18,0.22,15,0,19696.354,1
36251.423,0.324,24,1,16637.921,1
74884.226,0.134,25,0,18982.808,1
47577.936,0.214,23,1,14255.215,1
29496.842,0.442,29,0,22088.891,0
62988.629,0.338,15,1,18790.38,0
63340.657,0.358,3,1,7878.402,0
27447.125,0.77,14,2,23335.322,0
59130.671,0.202,9,0,22353.429,1
68240.496,0.37,25,1,17792.848,1
61738.956,0.115,23,0,16684.306,1
66375.667,0.539,12,3,24951.669,0
29723.156,0.255,11,0,5200.123,1
60958.723,0.291,4,1,22447.347,0
49552.844,0.056,1,0,12142.76,1
46309.777,0.254,9,0,21571.065,0
70670.001,0.117,7,0,15722.255,1
81626.941,0.638,7,1,7542.444,0
87298.661,0.244,29,1,12020.881,1
78666.542,0.149,20,0,21130.374,1
53024.785,0.253,16,1,13738.753,1
61348.963,0.171,5,2,11271.088,0
68802.812,0.018,25,1,11230.968,1
57181.203,0.268,19,0,18853.485,1
57353.755,0.12,15,1,25503.81,1
69827.556,0.273,13,1,2154.7,1
53932.912,0.52,16,1,31804.107,0
41872.835,0.425,25,2,16222.477,0
47539.485,0.485,21,0,18481.345,0
66410.387,0.314,14,1,12382.43,1
55053.879,0.262,20,1,14978.909,0
61123.78,0.088,27,2,16155.078,1
67061.426,0.357,9,1,8705.424,1
48252.854,0.515,27,2,10165.911,0
68612.467,0.294,18,1,22107.405,1
61819.167,0.728,5,1,5685.919,0
32773.364,0.297,29,0,17646.235,1
80961.486,0.478,20,1,12776.899,1
45986.595,0.201,11,2,9235.757,0
25208.284,0.203,6,1,26831.591,0
36189.213,0.177,27,0,9272.985,1
36621.187,0.163,24,1,8219.388,1
55939.12,0.505,1,0,13878.164,0
50070.691,0.086,19,0,10388.648,1
48937.025,0.142,3,0,15038.284,1
66154.635,0.656,8,1,15932.396,0
61117.757,0.446,17,0,16407.948,0
60688.862,0.228,7,2,14256.655,1
62376.912,0.331,15,1,10787.03,1
66090.424,0.247,12,1,18860.418,1
17056.84,0.453,17,1,14329.843,0
48440.111,0.163,24,1,12026.296,1
15756.219,0.143,4,1,23879.962,0
55649.079,0.211,23,0,14272.128,1
54916.606,0.493,6,1,21551.92,0
73819.581,0.097,1,0,22361.031,1
76377.419,0.44,13,0,22726.037,0
58649.951,0.265,9,0,19146.947,1
45993.501,0.178,5,0,14996.199,0
63732.9,0.507,12,1,14615.75,0
45497.483,0.139,26,1,13535.279,1
54974.932,0.447,17,1,1998.626,1
72750.454,0.423,21,2,19312.841,1
44960.116,0.275,4,2,16466.793,0
69502.216,0.728,2,1,19953.146,0
67193.225,0.11,10,1,14297.991,1
37813.747,0.162,23,0,18988.951,1
72530.094,0.373,26,1,6734.958,1
67574.194,0.501,3,4,7984.406,0
56834.666,0.61,14,3,1000.0,0
41278.178,0.517,11,0,14193.905,0
39534.292,0.392,22,0,10364.846,0
45322.074,0.538,6,0,9579.709,0
64766.7,0.074,14,1,17007.914,1
37798.747,0.145,25,1,12446.957,1
62875.22,0.092,13,4,6401.454,1
32648.4,0.291,23,0,30268.601,0
51326.765,0.368,18,1,14777.936,1
56973.66,0.121,17,0,8501.022,1
99012.343,0.38,7,0,10980.987,1
30208.318,0.265,29,2,13961.142,0
81496.262,0.264,7,1,13948.524,1
57697.163,0.325,27,0,22812.986,1
62401.095,0.274,29,0,14523.42,1
57130.262,0.255,15,0,26131.249,0
63005.083,0.08,26,1,12405.462,1
52233.668,0.112,21,0,17558.616,1
81172.903,0.075,22,0,21131.881,1
46783.519,0.157,2,3,22170.914,0
75380.222,0.432,4,1,22871.233,0
43401.392,0.145,2,0,13367.93,1
53915.467,0.212,0,1,14967.064,0
35704.674,0.337,25,1,1000.0,1
63190.427,0.27,5,0,13823.94,0
81012.267,0.19,0,1,21547.525,0
53607.589,0.353,28,0,20381.019,1
51456.057,0.33,8,2,14481.077,0
34936.895,0.442,24,0,25194.837,0
50872.732,0.177,28,0,12695.968,1
26329.703,0.192,15,0,10703.161,1
38568.196,0.268,27,0,12191.03,1
59082.149,0.162,29,0,8265.21,1
78742.238,0.033,4,3,18734.37,1
105565.796,0.342,4,3,16730.891,1
44441.468,0.531,11,2,18659.877,0
80835.403,0.244,16,0,12513.773,1
59387.545,0.254,23,0,14651.562,1
52277.542,0.173,5,1,1929.488,1
62786.7,0.509,5,0,17257.353,0
56114.497,0.056,9,0,15593.049,1
56987.123,0.482,8,0,8396.834,0
47650.003,0.478,28,1,14372.055,0
29834.026,0.259,11,0,13452.904,0
27214.746,0.171,26,1,25585.872,0
66758.408,0.409,1,2,8633.238,0
50019.398,0.399,3,1,16988.557,0
44270.4,0.302,24,3,8455.39,1
55153.101,0.069,7,3,11652.759,0
69308.781,0.555,2,1,16660.914,0
58246.551,0.228,17,0,13731.822,1
43191.011,0.348,4,1,14964.055,0
77073.273,0.05,1,0,16996.333,1
83425.339,0.063,12,3,12037.863,1
63902.02,0.085,16,2,20304.879,1
72525.943,0.359,15,0,13167.122,1
77355.28,0.491,17,1,14414.667,1
75341.788,0.062,0,1,17167.868,1
66053.785,0.286,8,0,16362.001,0
65770.247,0.526,10,0,18865.368,0
64353.89,0.039,8,1,16901.786,1
35247.922,0.545,16,1,17814.184,0
67613.017,0.185,6,1,13047.765,1
30595.349,0.564,18,1,8587.373,0
40697.21,0.207,28,0,6434.167,1
78464.171,0.322,19,1,4975.739,1
70123.963,0.247,11,1,25576.36,1
81773.169,0.158,13,0,1723.36,1
50109.861,0.148,17,0,22162.341,1
34259.521,0.218,21,1,10074.786,1
50672.13,0.32,9,0,22118.646,0
56836.563,0.491,1,1,1784.76,0
56421.797,0.22,21,3,13589.437,1
75406.249,0.549,19,0,23724.146,1
48497.132,0.508,3,2,19279.257,0
61336.62,0.309,18,3,12976.407,0
37204.711,0.261,2,2,3342.136,0
63105.711,0.372,19,0,7065.069,1
55055.954,0.106,22,0,23334.883,1
41503.36,0.111,0,0,12910.553,0
50755.071,0.22,21,0,14569.055,1
51684.837,0.22,3,1,16701.211,0
50137.208,0.346,7,1,7182.967,0
86884.142,0.221,21,1,17443.741,1
53227.972,0.583,10,1,12482.307,0
50609.87,0.094,29,1,16762.217,1
17245.883,0.319,28,1,11531.694,0
38904.268,0.219,29,1,5561.304,1
50264.678,0.49,3,0,12435.765,0
42654.652,0.625,5,1,18844.666,0
79870.737,0.119,5,2,17364.361,1
52031.12,0.053,17,0,15185.585,1
78191.996,0.202,12,1,20388.791,1
56110.683,0.288,22,0,13778.436,1
55670.101,0.134,8,1,15337.658,1
53401.664,0.198,5,0,12121.399,1
55068.333,0.227,19,1,20739.708,1
85938.31,0.485,18,0,16749.171,1
15000.0,0.095,20,2,11658.251,0
18972.177,0.159,9,0,6065.822,1
45222.925,0.174,15,1,21629.768,1
55261.502,0.301,27,1,10535.61,0
67421.88,0.469,18,2,15432.386,0
63515.57,0.252,27,0,29115.598,1
48083.574,0.193,13,0,19809.057,1
73342.786,0.09,1,0,24666.898,1
73543.517,0.292,22,1,11771.251,1
58313.041,0.195,13,0,21425.858,1
72327.836,0.146,1,0,15160.014,1
59907.615,0.192,4,2,17196.102,0
44893.306,0.15,9,2,27125.05,0
67560.703,0.134,5,1,13328.125,1
56991.036,0.164,20,0,15115.527,1
55024.117,0.192,18,1,9580.712,1
81513.164,0.166,9,2,20330.811,1
15000.0,0.412,2,1,11636.239,0
29481.685,0.242,2,0,21136.262,0
33632.732,0.096,28,1,5100.521,1
48461.308,0.125,10,1,18291.828,1
50417.053,0.14,3,1,11137.84,0
27868.138,0.861,21,1,19383.106,0
37267.155,0.191,26,1,14918.645,1
39504.85,0.262,3,1,11787.967,0
99233.634,0.051,28,0,12680.642,1
87431.355,0.201,21,1,9897.67,1
47588.51,0.527,7,2,20026.727,0
48455.501,0.168,23,0,8708.176,1
34314.328,0.516,12,0,13397.528,0
20653.653,0.126,19,0,17071.437,1
52896.157,0.248,3,1,24680.967,0
37038.664,0.264,7,1,14944.208,0
53472.69,0.154,23,1,13544.936,1
26196.295,0.275,24,0,16641.809,1
41284.46,0.403,0,2,2559.215,0
57675.288,0.416,6,2,7808.126,0
61591.773,0.561,18,1,12747.801,0
62514.495,0.237,27,1,10722.185,1
31231.198,0.434,20,0,5395.0,0
70384.343,0.173,21,0,20146.672,1
40596.189,0.598,11,2,16558.54,0
66391.442,0.124,1,0,15841.591,1
54808.504,0.377,22,0,10836.053,1
30225.025,0.206,23,0,15476.358,1
49308.441,0.155,13,1,18086.697,1
61576.547,0.108,15,2,13410.624,1
66033.377,0.433,7,3,17667.433,0
52462.218,0.111,13,0,10223.637,1
82572.02,0.467,7,0,15584.912,1
73135.194,0.399,12,1,21854.99,0
50380.226,0.257,4,2,22392.118,0
68502.193,0.585,18,0,22965.533,0
89808.283,0.407,7,1,16713.41,1
90288.723,0.059,21,0,15189.684,1
32896.002,0.311,15,0,12307.267,1
38322.404,0.382,26,2,4155.091,1
81728.538,0.203,6,1,6930.602,1
35950.941,0.266,8,2,13991.67,0
31194.26,0.346,7,1,14350.269,0
46248.506,0.249,18,2,23473.338,0
62564.081,0.176,3,2,22888.795,0
53156.859,0.113,20,1,10881.083,1
43289.855,0.567,24,0,19909.954,0
42864.176,0.224,20,2,12137.587,0
42177.933,0.361,4,2,19095.698,0
39168.827,0.206,14,1,19836.106,1
96069.392,0.444,16,2,22452.557,1
60355.199,0.24,11,1,12044.14,1
70961.663,0.485,13,0,21085.822,0
46196.606,0.301,22,1,3763.116,1
51652.78,0.056,25,2,22777.294,1
42156.028,0.157,9,2,14849.9,0
15000.0,0.273,9,2,14977.632,0
30195.833,0.263,6,0,2775.381,0
22408.864,0.455,12,1,12668.005,0
15000.0,0.436,16,2,23132.876,0
33483.538,0.304,21,2,12439.789,0
78849.202,0.196,8,2,19280.777,1
54200.149,0.084,6,2,15207.331,1
78230.148,0.149,0,2,21376.015,1
62397.686,0.169,2,1,16149.006,1
69086.059,0.194,1,0,9409.131,1
38783.854,0.224,6,0,15338.704,0
64431.117,0.122,20,1,24607.301,1
68116.856,0.293,23,0,17985.87,1
44620.349,0.072,29,1,14301.322,1
65071.727,0.132,16,0,28534.463,1
65191.38,0.236,13,0,21955.294,1
45108.053,0.126,26,3,19900.403,1
34790.168,0.081,4,1,16904.055,0
33685.69,0.568,18,0,19381.643,0
56557.1,0.316,24,0,19576.392,1
60886.178,0.173,15,1,1903.108,1
40734.535,0.405,7,0,17369.617,0
55478.536,0.415,18,2,14035.165,1
65269.667,0.263,29,0,12001.342,1
66127.433,0.427,7,1,13827.376,0
82933.842,0.14,16,2,5664.908,1
77985.655,0.264,1,0,4172.339,1
36976.754,0.432,6,2,22479.015,0
85304.552,0.195,23,3,17772.947,1
45442.423,0.557,14,0,1000.0,0
73807.711,0.189,5,2,11541.693,1
56223.759,0.208,10,0,20283.31,1
47581.311,0.174,3,1,13319.914,0
22461.457,0.212,23,0,22470.03,0
51911.839,0.109,28,0,21298.511,1
26931.102,0.303,3,0,6859.733,0
72411.386,0.369,7,1,14140.055,1
82302.268,0.194,25,0,12311.463,1
40655.602,0.584,26,1,6664.57,0
60435.473,0.344,23,1,6274.354,1
41942.953,0.042,21,0,10163.871,1
43687.275,0.249,25,1,11154.448,1
68940.905,0.561,11,0,16699.379,0
54306.311,0.148,26,0,21265.281,1
86313.665,0.061,26,0,18081.87,1
46319.815,0.541,6,0,19502.233,0
72988.054,0.28,2,0,13400.293,1
56753.441,0.332,15,0,18618.001,1
69324.004,0.067,22,0,14109.75,1
46951.162,0.338,25,1,12351.166,1
54107.941,0.193,4,0,26382.606,0
52921.02,0.242,11,1,1017.144,1
39950.972,0.576,23,1,3760.174,0
66917.468,0.19,1,2,17296.199,0
66704.482,0.333,21,0,13410.106,1
65683.985,0.312,8,2,6378.094,1
82665.382,0.46,0,1,8672.334,0
81088.206,0.118,7,1,9453.565,1
48250.996,0.225,22,1,20354.019,1
61714.942,0.061,26,1,22274.463,1
43775.188,0.215,2,4,24837.375,0
55420.396,0.259,13,1,5465.933,1
44204.51,0.303,6,2,6797.259,0
84161.266,0.207,20,1,6386.241,1
61546.567,0.257,23,2,22733.142,1
51075.476,0.436,28,1,17503.347,1
76485.134,0.176,10,1,15481.195,1
15928.923,0.086,8,2,16377.772,0
18746.153,0.156,9,3,14659.33,0
69325.096,0.303,22,0,8273.148,1
56088.432,0.162,13,1,18079.037,1
59508.033,0.273,0,2,13883.169,0
31124.87,0.215,28,0,7798.071,1
54581.793,0.451,3,2,18445.713,0
91063.169,0.266,27,0,12445.274,1
69835.593,0.364,4,1,16364.901,0
58054.718,0.537,16,1,14250.125,0
47097.03,0.118,9,0,20348.273,1
47897.689,0.241,20,2,16320.978,0
16674.438,0.29,12,1,9697.799,0
59637.528,0.288,11,0,16932.019,0
70218.696,0.275,14,2,17128.132,0
26638.852,0.081,29,2,18067.998,1
43094.496,0.176,7,1,21215.246,0
34165.637,0.368,6,0,11304.103,0
37623.678,0.112,1,1,19007.614,0
55962.669,0.395,22,2,4651.097,0
17480.761,0.356,20,2,14280.091,0
66056.868,0.2,18,0,13352.041,1
68569.391,0.27,0,0,23687.071,1
50480.153,0.235,23,1,14061.987,1
15000.0,0.3,24,1,18647.933,0
37064.465,0.109,28,1,4429.328,1
77192.235,0.297,27,1,12889.452,1
15000.0,0.373,7,1,9921.841,0
48744.579,0.293,21,1,29853.067,0
33759.986,0.228,12,1,10999.219,0
69482.265,0.276,17,1,15439.674,1
42847.949,0.246,9,0,15759.455,0
62271.172,0.493,19,0,5463.13,1
65178.288,0.27,28,0,11843.788,1
88052.065,0.273,19,2,17428.599,1
51347.045,0.4,27,2,15514.334,1
61768.799,0.151,27,2,1197.534,1
28269.001,0.195,3,1,11598.051,0
76427.444,0.218,28,3,21124.93,1
41310.841,0.528,24,1,18529.338,0
44906.425,0.296,12,1,22308.2,0
54599.54,0.221,18,1,9086.116,1
26868.082,0.186,18,0,22685.577,0
59117.861,0.189,23,0,14733.564,1
72414.393,0.127,24,0,24553.335,1
60272.809,0.291,3,1,15019.827,1
26399.844,0.263,0,3,2715.147,0
52771.433,0.081,7,1,20095.527,1
68356.52,0.527,15,0,12338.918,0
21196.202,0.226,25,2,12742.622,0
35654.212,0.412,19,1,6281.421,0
70777.785,0.193,4,1,24733.197,0
59861.718,0.36,21,1,11873.393,1
62415.488,0.056,14,1,24450.215,1
88470.907,0.369,11,0,12412.541,1
63433.95,0.386,23,0,9433.529,1
66841.984,0.165,8,0,22917.175,1
103793.419,0.132,18,2,14559.992,1
51151.518,0.236,5,2,14618.568,0
40638.11,0.303,11,2,7310.244,0
62700.335,0.191,16,0,12254.26,1
62901.839,0.053,18,0,17572.175,1
45519.123,0.181,27,2,7204.92,1
36416.854,0.223,8,1,11765.474,0
96577.2,0.259,26,2,12477.321,1
60883.182,0.32,24,1,15398.645,1
41818.863,0.4,10,0,23877.358,0
71486.745,0.607,4,0,13200.281,0
53035.387,0.276,7,1,10856.996,0
50448.134,0.403,19,1,31478.224,0
65120.912,0.129,23,1,12400.888,1
31746.119,0.105,18,1,13856.051,0
61347.29,0.47,21,3,12852.922,0
89433.187,0.148,3,3,13339.385,1
63391.198,0.387,15,0,15466.529,1
48228.182,0.027,26,1,20524.779,1
45872.105,0.492,11,0,17423.926,0
47613.88,0.075,26,1,21462.573,1
50428.672,0.451,3,0,21264.172,0
48199.482,0.228,29,2,16251.313,1
71493.606,0.378,23,0,17257.872,1
23802.236,0.269,18,2,21652.42,0
70516.001,0.294,18,1,8332.74,1
48165.643,0.194,28,1,29989.267,1
61785.06,0.36,11,1,11924.489,0
34714.218,0.577,4,2,12894.21,0
78915.359,0.397,27,1,7728.594,1
77421.429,0.174,3,2,7907.095,1
72272.629,0.376,19,2,20844.204,1
27734.414,0.131,7,1,28621.16,0
69924.179,0.135,27,0,11596.559,1
62287.392,0.232,29,2,17083.899,1
26105.118,0.221,14,1,16321.0,0
54562.647,0.254,15,1,21001.467,0
61561.621,0.3,13,1,28312.287,1
65009.355,0.407,12,0,24125.841,0
58190.705,0.276,28,3,13568.044,1
60242.166,0.44,8,1,18172.606,0
81525.005,0.596,28,0,18768.347,1
77068.61,0.445,19,2,14879.456,1
15000.0,0.333,28,3,8424.383,0
49286.106,0.256,18,4,10207.343,0
52036.282,0.527,24,1,21888.916,0
23462.226,0.272,14,0,22507.848,0
56695.295,0.349,13,1,13754.596,1
77477.64,0.449,7,2,16566.332,0
35441.779,0.202,6,2,22183.583,0
61055.217,0.071,1,0,4774.387,1
38515.177,0.287,11,2,12321.885,0
42905.584,0.353,29,0,27107.228,0
81593.085,0.262,28,1,16795.846,1
45233.959,0.643,20,1,8224.703,0
63319.825,0.285,10,4,15703.694,0
21318.074,0.43,15,3,21128.614,0
88521.716,0.331,22,0,1000.0,1
65847.744,0.082,0,2,16057.715,1
51715.003,0.078,27,1,12765.513,1
65359.837,0.524,26,1,5148.011,1
29623.25,0.3,29,1,15491.564,1
76285.553,0.243,2,0,14181.119,1
49168.274,0.265,28,1,14855.458,1
51326.749,0.199,18,1,12910.436,1
46150.199,0.47,16,2,8871.975,0
44548.275,0.433,5,0,6271.183,0
67504.071,0.197,14,6,10855.86,0
59606.323,0.34,10,3,20155.513,0
66731.467,0.495,29,1,16398.422,1
54841.696,0.314,10,0,14584.96,0
64237.597,0.098,6,2,8761.391,1
47460.723,0.307,28,1,12756.51,1
95135.173,0.186,5,1,19422.945,1
26777.253,0.508,27,2,18028.703,0
77696.872,0.511,28,1,12136.807,1
79622.334,0.442,9,1,1000.0,1
39661.141,0.294,20,1,10950.914,0
95126.925,0.233,23,2,12103.833,1
72918.825,0.593,16,1,9557.364,0
72480.502,0.06,20,2,12520.945,1
55504.399,0.185,3,2,19899.301,0
51089.929,0.286,15,3,14776.221,0
51230.641,0.373,15,0,20938.176,0
62029.551,0.256,16,3,5949.767,0
80221.353,0.316,28,0,13169.616,1
58263.656,0.094,24,1,3365.867,1
38594.015,0.261,18,0,12440.535,0
69839.687,0.613,12,0,8726.055,0
71580.713,0.563,12,0,22687.517,0
66783.872,0.354,0,0,17458.272,0
68418.98,0.124,16,1,21088.977,1
50123.294,0.197,7,1,12423.913,0
38278.195,0.163,26,3,8881.691,1
39372.518,0.307,23,2,8690.622,1
25561.662,0.185,27,1,16592.636,0
59265.075,0.1,29,1,25860.969,1
53497.922,0.288,12,0,17474.294,1
47080.221,0.551,12,1,12751.394,0
15000.0,0.11,18,1,13867.375,0
32548.286,0.425,12,0,14812.198,0
75175.132,0.307,8,1,27159.855,0
43036.732,0.564,21,0,22401.651,0
61490.65,0.103,13,0,16559.754,1
29967.662,0.255,28,0,15658.392,1
80896.699,0.508,6,1,16796.12,0
52407.502,0.378,13,1,17965.654,0
60220.727,0.321,15,2,12520.812,1
96864.036,0.2,27,1,9935.526,1
82295.922,0.588,17,0,21193.322,0
49481.819,0.353,2,2,15131.896,0
44322.037,0.429,10,0,20692.368,0
49140.19,0.5,26,3,24876.952,0
64178.168,0.369,8,1,18123.688,0
53105.966,0.501,10,1,17151.291,0
47885.605,0.274,4,2,34201.458,0
81409.263,0.509,21,0,16242.121,1
52944.222,0.065,4,1,8456.719,1
96392.604,0.542,11,1,13312.649,1
56633.366,0.108,21,1,24310.108,1
87135.731,0.269,26,1,7234.996,1
61431.75,0.671,6,1,10485.242,0
72333.29,0.158,9,2,21638.561,0
41957.001,0.55,3,2,13370.276,0
39632.334,0.214,13,4,14338.525,0
63274.707,0.157,29,1,21440.237,1
72793.958,0.287,9,1,10699.073,1
55724.617,0.32,7,2,6188.385,0
31844.92,0.297,11,2,6666.684,0
30515.349,0.148,26,1,18490.683,1
29311.545,0.413,16,3,16554.793,0
23182.802,0.237,18,2,10844.601,0
56970.736,0.216,23,1,8047.25,1
75250.791,0.454,21,4,13376.561,0
54758.516,0.558,17,3,21699.104,0
15000.0,0.418,16,0,9985.092,0
51566.312,0.186,15,2,11023.896,1
52069.618,0.469,5,2,7856.871,0
92727.978,0.132,12,1,12795.523,1
28771.518,0.082,25,0,17028.474,1
47967.803,0.089,1,1,27691.015,0
85705.348,0.14,24,2,16306.689,1
63099.61,0.327,16,2,14677.931,0
65139.635,0.47,10,0,20177.62,0
57062.52,0.177,3,1,19177.293,0
60938.984,0.472,22,0,11534.035,1
68996.972,0.054,0,1,28812.36,1
40429.246,0.408,16,1,14853.7,0
70805.054,0.174,4,4,16418.252,0
30285.946,0.224,27,0,18308.092,1
60910.624,0.272,5,0,17075.234,1
58217.337,0.302,24,2,24152.386,1
43906.724,0.316,17,4,11460.548,0
54591.665,0.137,1,2,19700.293,0
43794.277,0.287,21,0,15987.411,1
35709.376,0.152,26,2,20896.339,1
48634.935,0.088,6,0,13710.087,1
35128.205,0.296,29,0,12897.508,1
60810.354,0.269,23,0,19392.441,1
34298.461,0.069,22,3,17147.96,0
67815.586,0.138,10,1,10078.234,1
33733.377,0.065,3,2,23073.674,0
44806.692,0.533,12,1,19395.056,0
43757.139,0.098,24,0,14554.775,1
78852.641,0.272,17,1,12190.613,1
60945.219,0.256,19,1,17184.785,1
51188.792,0.498,23,1,18962.911,0
63976.95,0.046,10,0,5435.55,1
17070.538,0.555,1,2,17254.086,0
54223.595,0.433,26,1,18915.328,0
90955.255,0.327,18,0,1000.0,1
57382.237,0.336,16,0,16177.138,1
56222.437,0.318,17,1,19167.655,1
64866.311,0.107,25,0,18485.27,1
71120.894,0.266,23,1,19814.69,1
19045.6,0.395,20,1,13034.6,0
24718.123,0.39,23,1,8760.561,0
58785.243,0.256,8,0,4201.534,1
42132.222,0.214,21,1,21553.339,1
78616.455,0.205,29,2,19218.393,1
49326.861,0.057,7,1,22010.934,0
20178.447,0.345,17,2,10649.152,0
32175.749,0.1,20,0,19823.019,1
15000.0,0.152,15,0,5983.914,0
50785.74,0.038,29,2,9783.039,1
51609.086,0.112,12,2,15755.863,1
47359.671,0.178,6,4,18979.246,0
74419.823,0.085,4,2,25074.075,1
76573.357,0.501,25,1,13559.616,1
51933.008,0.044,20,1,9805.502,1
16575.514,0.18,17,2,9497.107,0
66111.068,0.102,12,0,10872.924,1
64996.484,0.236,12,1,28326.161,1
60569.048,0.326,28,0,19541.241,1
72666.635,0.267,20,1,21675.191,1
34033.094,0.38,28,1,13566.086,1
91157.597,0.558,24,2,14990.108,1
37730.3,0.045,23,0,19195.587,1
68486.013,0.285,16,0,11965.207,1
24627.742,0.581,7,0,13252.153,0
38255.236,0.12,19,2,10951.774,1
82294.636,0.181,21,1,12315.044,1
50303.803,0.18,15,2,15293.872,0
70118.607,0.261,0,2,10069.739,0
59265.197,0.136,28,0,16715.874,1
53110.753,0.305,24,0,16707.49,1
79549.306,0.25,10,3,13924.508,0
50740.141,0.405,14,2,10035.241,0
22946.714,0.273,3,1,15629.778,0
40541.678,0.598,28,2,11970.573,0
64921.451,0.137,6,1,15279.565,1
62119.164,0.516,11,0,21588.765,0
26792.951,0.083,12,0,7482.359,1
41961.835,0.148,7,1,28040.918,0
44529.016,0.342,19,0,14564.858,1
48421.547,0.141,29,1,17471.036,1
30233.555,0.317,25,0,10483.499,0
43689.32,0.173,15,0,21853.269,1
41885.011,0.091,3,0,14246.241,1
68887.599,0.266,25,1,12635.29,1
69564.184,0.082,7,0,11546.91,1
52375.412,0.207,27,1,13389.048,1
47943.284,0.191,11,0,17510.084,1
57518.638,0.485,15,1,16036.864,0
40301.648,0.253,13,0,14760.842,1
34357.023,0.506,13,1,10731.471,0
38076.018,0.149,4,3,10384.959,0
43573.363,0.559,16,2,12234.754,0
34057.472,0.331,12,2,17761.654,0
57917.072,0.161,25,1,18973.559,1
68134.882,0.166,14,1,19782.265,1
26432.231,0.272,28,0,14991.199,1
55452.317,0.364,8,2,17301.372,0
51041.156,0.127,9,5,13989.296,0
61147.156,0.527,1,0,4546.212,0
54767.102,0.105,22,1,13704.439,1
28835.213,0.066,2,0,12748.04,0
32276.993,0.147,8,1,8765.729,0
55529.624,0.617,27,2,11595.635,0
73518.057,0.199,18,1,15810.548,1
15144.627,0.227,16,1,8200.519,0
61223.078,0.418,24,0,10735.287,1
76413.196,0.259,23,1,24287.412,1
52245.534,0.492,26,1,5383.762,1
64903.645,0.127,19,0,13900.907,1
42344.757,0.483,13,1,8002.144,0
52851.408,0.344,3,2,10490.179,0
25823.557,0.01,11,0,13813.577,1
15000.0,0.306,21,1,9074.543,0
71969.784,0.19,7,0,18443.584,1
37270.091,0.273,20,1,23106.904,0
46800.499,0.119,4,0,20050.069,1
30044.039,0.459,1,4,21147.679,0
29620.545,0.556,10,1,6721.586,0
51870.921,0.135,6,1,13541.574,1
41867.611,0.361,26,0,17804.526,0
61803.478,0.254,11,0,20227.145,1
63145.692,0.173,12,1,25520.118,1
60775.294,0.273,12,3,21414.238,0
59294.814,0.269,9,0,20378.932,0
83399.828,0.201,27,2,30801.573,1
35783.312,0.477,22,1,15577.854,0
54011.172,0.276,4,1,13265.649,0
75388.417,0.388,6,0,16064.147,1
77761.717,0.304,2,1,9509.683,1
29408.254,0.154,7,0,15405.803,1
49377.602,0.349,19,3,4638.887,0
79446.18,0.245,28,1,11822.886,1
64145.424,0.535,14,1,14307.997,0
58514.735,0.406,2,1,20697.812,0
51081.676,0.641,1,1,21666.543,0
48091.583,0.554,12,0,9218.298,0
60187.943,0.171,7,1,27456.201,0
50457.266,0.143,17,2,15890.241,1
54233.585,0.068,3,3,16440.27,0
56414.777,0.152,6,2,5293.839,1
42794.712,0.296,16,0,11279.656,1
64578.329,0.275,8,0,21298.943,1
107456.404,0.106,10,1,16018.671,1
23014.24,0.285,6,2,15646.888,0
60832.225,0.311,1,0,16363.033,0
41316.578,0.263,10,2,6340.774,0
65393.246,0.143,9,0,14420.349,1
55838.035,0.482,26,0,23449.982,1
68713.386,0.249,26,1,21520.246,1
76159.118,0.223,12,0,14248.803,1
58463.58,0.124,8,0,24382.012,1
75376.941,0.671,12,0,7445.409,0
15000.0,0.333,18,1,9169.814,0
83628.141,0.157,11,2,26181.734,1
61751.119,0.273,22,2,18467.839,1
74401.18,0.332,28,1,13266.676,1
33042.237,0.25,12,1,14668.089,0
40046.142,0.358,3,0,10160.213,0
57626.889,0.135,3,1,16659.556,0
54693.318,0.186,26,0,16184.331,1
60095.235,0.325,12,4,15119.308,0
74521.273,0.51,9,2,8041.463,0
23226.034,0.173,18,2,16588.537,0
72528.743,0.314,28,3,11822.931,1
55149.074,0.389,12,2,9084.136,0
51331.926,0.287,9,4,22600.455,0
28519.926,0.117,25,1,28018.328,1
64054.876,0.733,2,2,26655.721,0
15000.0,0.135,25,0,18900.737,1
66671.092,0.287,15,1,13406.49,1
28142.095,0.153,0,0,14577.867,0
55962.242,0.24,6,0,17433.614,1
52854.961,0.25,20,5,12478.513,0
76051.687,0.12,22,0,22912.86,1
51784.207,0.101,5,0,2785.635,1
42505.506,0.184,19,0,13225.647,1
45881.151,0.239,29,1,19806.429,1
77911.89,0.443,20,2,9929.042,1
64653.345,0.147,21,5,13559.107,0
48058.66,0.221,5,1,18561.86,0
50743.964,0.205,19,1,24109.615,1
26790.812,0.273,21,0,7236.37,1
61992.536,0.467,3,0,6791.553,1
23323.317,0.353,9,0,9323.819,0
68532.336,0.204,26,0,5774.785,1
57315.189,0.403,29,0,6201.729,1
97965.132,0.087,5,1,9164.033,1
35197.56,0.195,21,2,22400.961,0
53152.082,0.366,15,1,13127.539,1
87369.179,0.339,17,0,15188.251,1
76445.014,0.19,15,4,9267.214,1
42468.183,0.187,26,1,18801.222,1
59031.414,0.084,13,0,26254.584,1
55035.988,0.267,17,0,9674.221,1
60075.206,0.11,20,2,25348.49,1
42423.752,0.142,16,0,17186.546,1
53392.233,0.278,26,0,15101.181,1
26235.057,0.624,7,1,17400.743,0
57432.222,0.325,28,1,17343.159,1
63100.372,0.274,20,0,26142.627,1
50906.451,0.057,28,0,18121.324,1
25929.084,0.201,11,1,18246.643,0
72793.574,0.665,14,1,12471.001,0
61561.451,0.239,1,1,20034.463,0
41931.728,0.426,27,1,9258.918,0
49949.192,0.276,24,1,15654.024,1
27987.951,0.329,8,4,32299.701,0
36542.618,0.426,1,1,1000.0,0
45319.396,0.413,20,0,16398.882,0
77111.575,0.026,20,2,16629.738,1
43488.939,0.028,15,4,13631.466,0
66523.846,0.199,4,0,13772.884,1
45310.308,0.532,27,3,15548.459,0
59463.056,0.341,12,0,13487.98,0
52454.881,0.292,21,0,16331.878,1
70715.019,0.191,25,0,12074.336,1
45373.396,0.173,16,1,27134.357,1
26694.491,0.104,2,0,13487.918,0
30124.917,0.714,26,1,18417.668,0
45426.205,0.196,20,0,10985.783,1
32516.921,0.125,26,1,20598.858,1
62383.816,0.206,18,3,19400.807,1
46616.173,0.48,27,2,17515.561,0
97742.918,0.428,26,1,8835.988,1
23721.137,0.542,6,0,10485.582,0
58665.397,0.192,5,2,25117.038,0
34696.846,0.394,4,2,10419.158,0
46118.776,0.195,23,0,18845.413,1
57545.551,0.338,7,3,9331.972,0
15000.0,0.085,13,1,21050.299,0
59262.87,0.381,23,1,10881.616,1
89252.334,0.689,12,3,9220.873,0
46838.111,0.168,1,0,10725.945,0
59676.541,0.09,10,1,11677.184,1
73448.59,0.756,2,0,17428.04,0
52048.837,0.433,11,0,15416.302,0
44542.717,0.326,22,1,8429.064,1
15000.0,0.557,15,0,14832.318,0
66537.833,0.473,20,0,8138.992,1
52962.969,0.192,3,1,18861.344,0
36771.691,0.112,22,2,19961.417,1
57278.741,0.472,12,1,14856.316,0
44493.754,0.128,8,1,16629.92,1
45488.33,0.15,19,0,25512.745,1
65913.241,0.593,4,1,14054.382,0
30909.117,0.138,14,1,9334.452,1
73851.675,0.257,12,1,18475.171,1
29841.649,0.566,4,2,8204.077,0
43071.375,0.058,28,4,13736.586,1
89613.031,0.554,10,1,11406.06,1
75292.386,0.058,1,0,10789.081,1
56756.872,0.199,13,3,13499.474,0
38070.456,0.091,28,0,20399.348,1
45473.098,0.25,20,1,21634.013,1
56318.956,0.251,19,2,20557.235,0
55675.418,0.096,27,2,17018.125,1
53364.323,0.294,2,3,13453.701,0
54445.015,0.111,16,0,1000.0,1
51141.248,0.329,9,0,17205.966,0
29044.383,0.139,20,0,1324.01,1
45702.807,0.322,25,0,3459.796,1
71463.233,0.081,2,1,14029.994,1
30369.983,0.255,4,0,16587.463,0
51588.001,0.135,28,2,12293.491,1
40244.429,0.188,14,1,24213.187,0
57004.308,0.319,9,2,17772.61,0
48004.603,0.111,4,0,13503.553,1
81593.086,0.031,10,1,23317.86,1
64118.497,0.026,0,2,24390.68,1
31387.543,0.253,6,2,18075.352,0
67082.104,0.427,5,2,10348.454,0
41056.267,0.463,2,0,11698.377,0
44614.065,0.467,29,0,6319.568,1
60648.742,0.189,23,2,14745.499,1
46148.546,0.692,28,2,8699.751,0
71071.405,0.54,7,2,13025.551,0
41058.819,0.534,8,3,16563.602,0
43858.962,0.149,8,0,3097.748,1
43185.324,0.449,16,3,7417.552,0
44818.503,0.305,5,0,11958.912,0
74785.448,0.17,7,0,14684.836,1
66318.333,0.565,29,3,12036.655,0
85778.991,0.103,10,1,13376.892,1
95817.596,0.106,23,1,10762.877,1
36447.093,0.35,6,1,6303.601,0
56267.544,0.144,27,0,11791.495,1
33828.394,0.182,20,0,13720.989,0
41003.093,0.181,25,1,13137.659,1
43658.515,0.404,15,1,15670.776,0
35971.212,0.621,27,0,17513.367,0
36066.029,0.338,10,0,19090.357,0
52402.881,0.275,14,1,11198.695,1
33099.068,0.254,1,0,5545.219,0
70158.285,0.256,5,1,22629.578,1
38480.436,0.355,23,1,17312.675,0
105572.241,0.068,9,1,9272.026,1
46875.08,0.204,3,1,16666.23,0
56296.318,0.119,8,2,21407.968,0
31683.859,0.218,10,1,25375.059,0
85709.652,0.324,21,2,16503.662,1
75151.012,0.3,2,4,21358.024,0
60344.486,0.575,0,1,7742.388,0
30757.554,0.421,21,0,14784.583,0
58792.004,0.033,4,2,12989.924,1
34814.241,0.329,12,1,17055.419,0
81322.395,0.508,20,0,24667.164,1
69565.505,0.38,15,2,16499.336,1
56717.903,0.475,3,0,9373.856,0
15000.0,0.371,21,1,7419.369,0
37298.512,0.468,1,1,24874.68,0
67379.7,0.319,6,1,18082.76,0
76831.906,0.308,3,0,17688.488,1
74965.057,0.38,15,1,12937.612,1
26343.766,0.186,20,2,16607.171,0
60427.942,0.15,19,0,9078.241,1
73279.274,0.29,4,1,17323.19,0
25149.96,0.204,10,2,7950.779,0
54857.719,0.47,4,1,12844.269,0
59929.163,0.607,10,2,11142.641,0
49586.237,0.126,6,2,1000.0,1
21661.087,0.041,22,1,12919.388,1
49137.434,0.125,22,1,9606.801,1
49108.502,0.182,24,1,13737.661,1
52334.697,0.563,6,0,15010.337,0
44857.514,0.49,0,1,25607.592,0
47025.781,0.109,1,1,16828.254,0
54285.287,0.431,25,0,17004.676,1
62964.183,0.193,27,0,17973.683,1
49520.318,0.188,6,1,20230.851,0
47626.319,0.177,26,0,17725.677,1
56662.373,0.281,15,2,16690.278,1
20423.513,0.355,5,0,19267.482,0
63586.632,0.283,9,2,1000.0,1
54989.864,0.205,7,0,27534.309,1
55714.483,0.744,22,0,24538.379,0
72293.218,0.525,5,1,16302.815,0
19849.32,0.473,5,1,6521.961,0
19470.99,0.435,21,0,22262.103,0
59928.469,0.258,9,0,10836.741,1
54871.897,0.201,7,0,18203.046,1
58063.185,0.551,24,1,7302.566,1
46681.713,0.386,27,1,28358.441,0
66958.366,0.05,16,3,6346.699,1
71787.499,0.123,24,1,15413.916,1
63711.681,0.498,25,2,2266.877,1
50305.088,0.228,17,1,14752.665,1
17061.591,0.464,24,1,12448.289,0
68846.252,0.25,0,0,21823.1,1
76991.116,0.383,1,2,12447.723,0
66602.051,0.166,26,2,21831.741,1
39166.436,0.352,4,1,8855.277,0
67128.299,0.059,21,0,13308.23,1
70489.535,0.472,12,1,13428.527,0
83058.692,0.376,23,1,17973.53,1
39230.021,0.412,19,0,17210.247,0
50923.817,0.126,2,0,19333.351,0
68450.897,0.358,10,2,16600.984,0
56033.381,0.24,21,0,18967.889,1
34888.103,0.15,27,1,9612.816,1
62463.093,0.33,24,2,17332.792,1
65415.909,0.124,26,1,24649.236,1
56583.332,0.235,28,0,4920.043,1
58952.529,0.04,26,1,17934.048,1
50343.294,0.479,17,1,19060.679,0
81609.021,0.255,10,0,23767.118,1
38787.541,0.217,15,1,19356.282,0
44428.226,0.334,23,2,15601.896,0
55197.739,0.455,12,1,17580.439,0
70821.172,0.107,24,0,10589.773,1
28047.283,0.395,21,0,12672.192,0
31414.659,0.133,6,1,6985.783,0
18320.887,0.332,27,2,23922.177,0
55588.514,0.111,25,0,17700.944,1
34870.495,0.062,17,0,9503.325,1
48078.098,0.117,5,1,16628.142,1
66904.807,0.161,6,1,21956.086,1
43452.231,0.369,25,1,20956.754,1
59163.076,0.212,0,1,9434.168,1
49611.918,0.41,14,2,1000.0,0
67098.058,0.197,18,0,17372.317,1
63552.305,0.18,6,1,9678.782,0
42545.193,0.471,25,0,18733.965,1
51964.268,0.078,15,2,20701.622,1
73787.381,0.257,1,2,21681.799,0
62080.784,0.143,9,0,25468.443,1
29854.683,0.307,11,1,22418.142,0
66801.125,0.476,6,0,25497.293,0
35477.009,0.34,28,0,23274.362,0
80425.235,0.182,10,1,23797.305,1
73433.779,0.079,15,0,14754.791,1
60217.939,0.257,16,0,7264.041,1
57830.191,0.454,6,0,29893.622,0
51237.419,0.238,17,3,15377.718,0
67213.431,0.217,10,0,22372.248,1
48325.993,0.251,0,4,11698.351,0
59240.258,0.5,12,1,20783.535,0
70694.819,0.081,17,1,1000.0,1
44887.482,0.426,3,2,12537.34,0
43908.531,0.564,23,0,14409.533,0
33501.421,0.612,19,4,17775.653,0
35839.491,0.319,9,1,21432.148,0
22088.884,0.166,17,2,8435.142,0
68136.918,0.468,9,0,18959.809,0
87560.462,0.181,19,0,22360.002,1
80655.921,0.02,4,0,29075.469,1
25730.479,0.321,18,3,19239.768,0
68047.384,0.222,1,0,12242.964,1
80597.914,0.629,0,1,7369.412,0
46777.42,0.13,7,0,25975.214,0
56826.054,0.158,5,0,19424.052,0
18857.925,0.602,14,2,14868.146,0
59801.251,0.236,4,0,5281.09,1
35855.925,0.351,7,2,9412.896,0
58593.43,0.464,2,0,18787.922,0
26898.347,0.152,26,0,17122.998,1
64771.448,0.357,22,2,3322.011,1
73441.228,0.228,6,1,18795.675,1
40902.762,0.284,3,1,5589.381,0
34535.394,0.422,25,0,23124.054,0
16191.585,0.266,20,4,16251.335,0
50204.556,0.383,26,1,12219.471,1
44531.309,0.352,5,1,20940.926,0
27081.651,0.282,10,2,17120.996,0
63154.338,0.189,3,0,22949.566,0
46900.533,0.311,12,0,15482.854,1
35636.753,0.27,4,1,15832.916,0
45017.697,0.253,0,1,13288.497,0
74283.482,0.385,15,1,16577.803,1
65852.865,0.368,29,1,25187.705,1
52659.531,0.264,19,0,11983.415,1
66143.89,0.155,22,1,18887.731,1
34103.585,0.259,24,1,9717.339,1
55582.662,0.478,29,0,2599.607,1
57651.802,0.352,3,4,16244.752,0
46542.943,0.477,7,3,17222.433,0
62838.25,0.693,18,2,14339.692,0
40952.198,0.277,24,0,6024.09,1
64176.773,0.337,23,2,16825.806,0
64933.458,0.225,21,1,16597.882,1
15000.0,0.653,9,2,9667.316,0
76425.503,0.714,10,1,6879.051,0
15000.0,0.252,2,1,13485.672,0
43911.118,0.17,9,1,18917.575,0
73456.265,0.163,4,1,17499.928,1
49288.839,0.337,28,2,9714.978,1
28608.652,0.241,2,0,15821.551,0
35312.733,0.373,10,1,20322.758,0
73484.303,0.236,26,1,7964.006,1
20412.918,0.262,28,1,15378.932,1
75321.84,0.417,11,1,23037.846,0
54008.162,0.402,13,1,7350.407,0
33536.884,0.358,15,1,21933.158,0
44503.929,0.62,24,3,24715.125,0
36689.962,0.245,23,2,13666.767,1
70592.054,0.272,15,1,12941.948,1
68183.701,0.096,11,1,21198.567,1
24055.1,0.301,11,1,13883.218,0
47735.342,0.221,19,1,1000.0,1
39462.658,0.127,25,2,14407.232,1
78283.179,0.42,2,0,17822.424,1
30698.216,0.343,23,2,19440.503,0
83876.124,0.783,14,1,9716.225,0
54400.695,0.586,4,2,13381.193,0
34085.181,0.039,2,0,20861.444,0
42809.065,0.386,10,1,14640.008,0
40570.861,0.245,7,2,5827.572,0
32056.869,0.055,3,1,22425.828,1
56706.883,0.161,8,0,13715.334,1
32897.52,0.243,25,1,21547.313,1
15753.408,0.613,21,0,6627.26,0
48165.824,0.232,6,2,14274.08,0
22548.588,0.183,20,1,18058.416,0
41461.104,0.055,13,0,14477.131,1
38636.148,0.13,22,1,7901.963,1
39318.111,0.243,7,2,1000.0,0
91017.336,0.379,1,1,24139.591,0
56015.408,0.089,9,0,16488.229,1
59416.678,0.28,29,2,22000.806,1
23024.831,0.414,16,1,20572.015,0
43228.664,0.1,1,2,18581.081,0
58875.447,0.376,29,2,13071.976,1
36558.48,0.276,24,0,17938.602,0
71345.131,0.237,16,1,23595.222,1
33351.461,0.177,22,0,15498.066,1
49845.41,0.18,5,0,26410.206,0
44451.07,0.541,17,1,6003.469,0
57957.772,0.33,27,1,5358.548,1
43471.179,0.609,13,0,20928.451,0
50123.915,0.35,1,1,10087.542,0
50749.658,0.149,22,1,27260.022,1
41781.02,0.463,21,1,23024.048,0
63731.69,0.406,22,1,24525.429,1
59290.991,0.571,19,1,20306.618,0
53404.949,0.299,4,0,9470.498,0
47251.75,0.554,3,1,5043.95,0
69337.793,0.168,23,2,23971.768,1
50754.984,0.138,25,2,6002.591,1
49479.449,0.391,2,0,24509.314,0
56884.421,0.189,17,1,19017.689,1
85538.56,0.542,15,0,14542.484,1
30873.588,0.098,10,0,17652.286,0
68857.424,0.096,19,0,17791.746,1
20922.919,0.211,27,0,13785.538,0
58910.917,0.081,24,0,23554.123,1
83351.491,0.303,4,3,23348.405,0
63796.033,0.192,13,0,15933.956,1
58071.251,0.082,28,1,11400.034,1
44911.91,0.019,7,1,22835.724,1
55558.85,0.181,25,1,2864.638,1
50462.869,0.006,14,3,17663.356,0
40852.421,0.153,15,2,19437.451,1
49782.239,0.373,7,2,10029.889,0
58570.861,0.38,27,1,20842.713,1
41190.093,0.474,15,1,14841.685,0
40486.927,0.252,17,1,11725.799,0
30515.618,0.405,13,2,20779.34,0
62033.05,0.091,2,1,8485.893,1
64815.819,0.313,23,0,20215.16,1
59169.888,0.387,9,1,3105.923,0
72373.069,0.178,7,3,16714.227,0
56581.617,0.415,23,1,15263.064,1
62056.197,0.237,5,3,11761.825,0
60469.074,0.257,20,0,17337.749,1
53352.28,0.042,14,2,14522.579,1
45445.207,0.418,23,4,21328.174,0
94854.747,0.428,1,1,18360.906,0
